Workbook

Sheet Dataset
A1: ID | B1: Review Text | C1: Ground Truth Sentiment | D1: Ground Truth Topic | E1: Predicted Sentiment | F1: Predicted Topic | G1: Sentiment Correct? | H1: Topic Correct?
A2: 1 | B2: Refund process was a bit slow but it worked out in the end. | C2: Neutral | D2: Refund | G2: =IF(E2="","",IF(E2=C2,"✓","✗")) | H2: =IF(F2="","",IF(F2=D2,"✓","✗"))
A3: 2 | B3: Got my money back eventually after some back and forth with support. | C3: Neutral | D3: Refund | G3: =IF(E3="","",IF(E3=C3,"✓","✗")) | H3: =IF(F3="","",IF(F3=D3,"✓","✗"))
A4: 3 | B4: Support was helpful but the refund policy is terrible. | C4: Neutral | D4: Refund | G4: =IF(E4="","",IF(E4=C4,"✓","✗")) | H4: =IF(F4="","",IF(F4=D4,"✓","✗"))
A5: 4 | B5: Wrong item delivered. This is not what I ordered at all. | C5: Negative | D5: Delivery | G5: =IF(E5="","",IF(E5=C5,"✓","✗")) | H5: =IF(F5="","",IF(F5=D5,"✓","✗"))
A6: 5 | B6: Charged more than the listed price at checkout. That's deceptive. | C6: Negative | D6: Pricing | G6: =IF(E6="","",IF(E6=C6,"✓","✗")) | H6: =IF(F6="","",IF(F6=D6,"✓","✗"))
A7: 6 | B7: Waited on hold for 2 hours and nobody answered. Terrible support. | C7: Negative | D7: Customer Support | G7: =IF(E7="","",IF(E7=C7,"✓","✗")) | H7: =IF(F7="","",IF(F7=D7,"✓","✗"))
A8: 7 | B8: Fast shipping! Got my package within 24 hours. Very impressed. | C8: Positive | D8: Delivery | G8: =IF(E8="","",IF(E8=C8,"✓","✗")) | H8: =IF(F8="","",IF(F8=D8,"✓","✗"))
A9: 8 | B9: Prices are on the higher side but fair for the quality offered. | C9: Neutral | D9: Pricing | G9: =IF(E9="","",IF(E9=C9,"✓","✗")) | H9: =IF(F9="","",IF(F9=D9,"✓","✗"))
A10: 9 | B10: This product is absolutely amazing! Far exceeded my expectations. | C10: Positive | D10: Product Quality | G10: =IF(E10="","",IF(E10=C10,"✓","✗")) | H10: =IF(F10="","",IF(F10=D10,"✓","✗"))
A11: 10 | B11: Order history and tracking are perfectly organized in the app. | C11: Positive | D11: Account/App | G11: =IF(E11="","",IF(E11=C11,"✓","✗")) | H11: =IF(F11="","",IF(F11=D11,"✓","✗"))
A12: 11 | B12: Pricing is competitive but doesn't stand out. | C12: Neutral | D12: Pricing | G12: =IF(E12="","",IF(E12=C12,"✓","✗")) | H12: =IF(F12="","",IF(F12=D12,"✓","✗"))
A13: 12 | B13: Package arrived. It was a few days later than expected but it's here. | C13: Neutral | D13: Delivery | G13: =IF(E13="","",IF(E13=C13,"✓","✗")) | H13: =IF(F13="","",IF(F13=D13,"✓","✗"))
... A101: 100 | B101: The app crashes every time I try to checkout. Very frustrating. | C101: Negative | D101: Account/App | G101: =IF(E101="","",IF(E101=C101,"✓","✗")) | H101: =IF(F101="","",IF(F101=D101,"✓","✗"))

Sheet Metrics & Scoring
A1: 📊 Evaluation Metrics Dashboard
A3: OVERALL ACCURACY
A4: Metric | B4: Value | C4: Formula Used | D4: Status
A5: Total Rows Evaluated | B5: =COUNTIF(Dataset!E2:E101,"<>") | C5: COUNTIF non-empty predictions
A6: Sentiment Exact Match | B6: =IFERROR(COUNTIF(Dataset!G2:G101,"✓")/COUNTIF(Dataset!G2:G101,"<>"),"N/A") | C6: ✓ count / total predicted
A7: Topic Exact Match | B7: =IFERROR(COUNTIF(Dataset!H2:H101,"✓")/COUNTIF(Dataset!H2:H101,"<>"),"N/A") | C7: ✓ count / total predicted
A8: Combined Accuracy | B8: =IFERROR((COUNTIF(Dataset!G2:G101,"✓")+COUNTIF(Dataset!H2:H101,"✓"))/(2*COUNTIF(Dataset!G2:G101,"<>")),"N/A") | C8: Average of both accuracies
A10: SENTIMENT CLASS BREAKDOWN
A11: Sentiment | B11: Total in Dataset | C11: Correct Predictions | D11: Class Accuracy
A12: Positive | B12: =COUNTIF(Dataset!C2:C101,"Positive") | C12: =COUNTIFS(Dataset!C2:C101,"Positive",Dataset!G2:G101,"✓") | D12: =IFERROR(C12/B12,"N/A")
A13: Negative | B13: =COUNTIF(Dataset!C2:C101,"Negative") | C13: =COUNTIFS(Dataset!C2:C101,"Negative",Dataset!G2:G101,"✓") | D13: =IFERROR(C13/B13,"N/A")
A14: Neutral | B14: =COUNTIF(Dataset!C2:C101,"Neutral") | C14: =COUNTIFS(Dataset!C2:C101,"Neutral",Dataset!G2:G101,"✓") | D14: =IFERROR(C14/B14,"N/A")
A17: TOPIC CLASS BREAKDOWN
A18: Topic | B18: Total in Dataset | C18: Correct Predictions | D18: Class Accuracy
A19: Delivery | B19: =COUNTIF(Dataset!D2:D101,"Delivery") | C19: =COUNTIFS(Dataset!D2:D101,"Delivery",Dataset!H2:H101,"✓") | D19: =IFERROR(C19/B19,"N/A")
A20: Product Quality | B20: =COUNTIF(Dataset!D2:D101,"Product Quality") | C20: =COUNTIFS(Dataset!D2:D101,"Product Quality",Dataset!H2:H101,"✓") | D20: =IFERROR(C20/B20,"N/A")
A21: Refund | B21: =COUNTIF(Dataset!D2:D101,"Refund") | C21: =COUNTIFS(Dataset!D2:D101,"Refund",Dataset!H2:H101,"✓") | D21: =IFERROR(C21/B21,"N/A")
A22: Customer Support | B22: =COUNTIF(Dataset!D2:D101,"Customer Support") | C22: =COUNTIFS(Dataset!D2:D101,"Customer Support",Dataset!H2:H101,"✓") | D22: =IFERROR(C22/B22,"N/A")
A23: Pricing | B23: =COUNTIF(Dataset!D2:D101,"Pricing") | C23: =COUNTIFS(Dataset!D2:D101,"Pricing",Dataset!H2:H101,"✓") | D23: =IFERROR(C23/B23,"N/A")
A24: Account/App | B24: =COUNTIF(Dataset!D2:D101,"Account/App") | C24: =COUNTIFS(Dataset!D2:D101,"Account/App",Dataset!H2:H101,"✓") | D24: =IFERROR(C24/B24,"N/A")

Sheet Prompt Log
A1: Run # | B1: Timestamp | C1: Prompt Used | D1: Sentiment Acc. | E1: Topic Acc.
